playername,position
Drew Bledsoe,QB
Jake Plummer,QB
Koy Detmer,QB
Aaron Brooks,QB
Brett Basanez,QB
Ingle Martin,QB
Reggie McNeal,QB
Vinny Testaverde,QB
Trent Dilfer,QB
Steve McNair,QB
Jamie Martin,QB
Kelly Holcomb,QB
Anthony Wright,QB
Tim Rattay,QB
Chris Weinke,QB
Joey Harrington,QB
Tim Hasselbeck,QB
Craig Nall,QB
Jared Lorenzen,QB
Brad Johnson,QB
Gus Frerotte,QB
Trent Green,QB
Brian Griese,QB
Damon Huard,QB
Marques Tuiasosopo,QB
Patrick Ramsey,QB
Brooks Bollinger,QB
Drew Henson,QB
Ken Dorsey,QB
Quinn Gray,QB
Andrew Walter,QB
Cleo Lemon,QB
Brock Berlin,QB
Kevin O'Connell,QB
Kurt Warner+,QB
Daunte Culpepper,QB
Jeff Garcia,QB
Marc Bulger,QB
Chris Simms,QB
J.T. O'Sullivan,QB
Jim Sorgi,QB
Charlie Frye,QB
JaMarcus Russell,QB
Matt Gutierrez,QB
Keith Null,QB
Brett Favre+,QB
Todd Collins,QB
Chad Pennington,QB
Todd Bouman,QB
David Garrard,QB
Sage Rosenfels,QB
Brian St.,QB
Brodie Croyle,QB
Troy Smith,QB
Dennis Dixon,QB
Brian Brohm,QB
Levi Brown,QB
Max Hall,QB
Tony Pike,QB
Mark Brunell,QB
Kerry Collins,QB
Jon Kitna,QB
Donovan McNabb,QB
Jake Delhomme,QB
Chris Redman,QB
A.J. Feeley,QB
Billy Volek,QB
Kyle Boller,QB
Rex Grossman,QB
J.P. Losman,QB
Vince Young,QB
John Beck,QB
Caleb Hanie,QB
Richard Bartel,QB
Stephen McGee,QB
Tyler Palko,QB
Mike Kafka,QB
Rudy Carpenter,QB
Tom Brandstater,QB
Charlie Batch,QB
David Carr,QB
Byron Leftwich,QB
Matt Leinart,QB
Brady Quinn,QB
Kevin Kolb,QB
Trent Edwards,QB
Tyler Thigpen,QB
John Skelton,QB
Rusty Smith,QB
Tim Tebow,QB
Graham Harrell,QB
Greg McElroy,QB
Seneca Wallace,QB
Curtis Painter,QB
Armanti Edwards,QB
Thaddeus Lewis,QB
Dominique Davis,QB
Jeff Tuel,QB
Kyle Orton,QB
Bruce Gradkowski,QB
Jason Campbell,QB
Jordan Palmer,QB
Matt Flynn,QB
Christian Ponder,QB
Jake Locker,QB
Matt Simms,QB
Connor Shaw,QB
Peyton Manning+,QB
Matt Hasselbeck,QB
Michael Vick,QB
Luke McCown,QB
Dan Orlovsky,QB
Tarvaris Jackson,QB
Josh Freeman,QB
Jimmy Clausen,QB
Ryan Lindley,QB
Johnny Manziel,QB
Ryan Nassib,QB
Zach Mettenberger,QB
B.J. Daniels,QB
Kellen Moore,QB
Sean Renfree,QB
Tony Romo,QB
Shaun Hill,QB
Charlie Whitehurst,QB
Colin Kaepernick,QB
Matt McGloin,QB
Cardale Jones,QB
Connor Cook,QB
Trevone Boykin,QB
Carson Palmer,QB
Jay Cutler,QB
Kellen Clemens,QB
Drew Stanton,QB
T.J. Yates,QB
Ryan Mallett,QB
EJ Manuel,QB
Scott Tolzien,QB
Austin Davis,QB
Tom Savage,QB
Landry Jones,QB
Bryce Petty,QB
Paxton Lynch,QB
Jake Rudock,QB
Joe Callahan,QB
Matt Cassel,QB
Derek Anderson,QB
Mark Sanchez,QB
Sam Bradford,QB
Terrelle Pryor,QB
Andrew Luck,QB
Brandon Weeden,QB
Brock Osweiler,QB
Cody Kessler,QB
DeShone Kizer,QB
Chad Kelly,QB
Kyle Lauletta,QB
Josh McCown,QB
Eli Manning,QB
Matt Moore,QB
Blake Bortles,QB
Alex Tanney,QB
Brett Hundley,QB
David Fales,QB
Devlin Hodges,QB
Luke Falk,QB
Ryan Griffin,QB
Will Grier,QB
Drew Brees,QB
Matt Schaub,QB
Philip Rivers,QB
Alex Smith,QB
Robert Griffin,QB
Matt Barkley,QB
A.J. McCarron,QB
Tyler Bray,QB
Dwayne Haskins,QB
Ryan Finley,QB
Ben DiNucci,QB
Easton Stick,QB
Jake Luton,QB
Tommy Stevens,QB
Ben Roethlisberger,QB
Ryan Fitzpatrick,QB
Cam Newton,QB
Mike Glennon,QB
Sean Mannion,QB
Kevin Hogan,QB
Garrett Gilbert,QB
Josh Rosen,QB
Mason Rudolph,QB
Ian Book,QB
Jake Fromm,QB
Kellen Mond,QB
Kurt Benkert,QB
Tom Brady,QB
Chad Henne,QB
Joe Flacco,QB
Matt Ryan,QB
Josh Johnson,QB
Chase Daniel,QB
Colt McCoy,QB
Nick Foles,QB
Case Keenum,QB
Marcus Mariota,QB
Trevor Siemian,QB
Carson Wentz,QB
Jacoby Brissett,QB
Nate Sudfeld,QB
Taylor Heinicke,QB
Jeff Driskel,QB
Nick Mullens,QB
Brandon Allen,QB
David Blough,QB
Jarrett Stidham,QB
Kyler Murray,QB
Tim Boyle,QB
Trace McSorley,QB
Brett Rypien,QB
Chris Streveler,QB
John Wolford,QB
Logan Woodside,QB
Davis Mills,QB
Davis Webb,QB
Feleipe Franks,QB
Jacob Eason,QB
Sam Ehlinger,QB
Trey Lance,QB
Anthony Brown,QB
Bryce Perkins,QB
Kyle Trask,QB
Skylar Thompson,QB
Aaron Rodgers,QB
Brian Hoyer,QB
Matthew Stafford,QB
Andy Dalton,QB
Blaine Gabbert,QB
Tyrod Taylor,QB
Kirk Cousins,QB
Russell Wilson,QB
Ryan Tannehill,QB
Geno Smith,QB
Derek Carr,QB
Jimmy Garoppolo,QB
Teddy Bridgewater,QB
Jameis Winston,QB
Dak Prescott,QB
Jared Goff,QB
C.J. Beathard,QB
Cooper Rush,QB
Deshaun Watson,QB
Mitchell Trubisky,QB
Nathan Peterman,QB
Patrick Mahomes,QB
Taysom Hill,QB
Baker Mayfield,QB
Josh Allen,QB
Joshua Dobbs,QB
Kyle Allen,QB
Lamar Jackson,QB
Sam Darnold,QB
Daniel Jones,QB
Drew Lock,QB
Gardner Minshew,QB
Jalen Hurts,QB
Joe Burrow,QB
Justin Herbert,QB
P.J. Walker,QB
Tua Tagovailoa,QB
Tyler Huntley,QB
Jordan Love,QB
Justin Fields,QB
Mac Jones,QB
Mike White,QB
Trevor Lawrence,QB
Zach Wilson,QB
Bailey Zappe,QB
Brock Purdy,QB
Desmond Ridder,QB
Kenny Pickett,QB
Malik Willis,QB
Sam Howell,QB
Aidan O'Connell,QB
Anthony Richardson,QB
Bryce Young,QB
C.J. Stroud,QB
Clayton Tune,QB
Dorian Thompson-Robinson,QB
Jake Browning,QB
Malik Cunningham,QB
Sean Clifford,QB
Tyson Bagent,QB